<?xml version="1.0" encoding="UTF-8" standalone="yes"?>
<service xmlns="http://www.activegrid.com/namespaces/ServiceDefinitions/1.0" id="getoidainfo" class="getoidainfo" CRUDService="false" type="JavaService" springFile="getoidainfo.spring.xml">
    <operation name="main">
        <parameter name="mypidin" typeRef="java.lang.String" isList="false"/>
        <return typeRef="java.lang.String" isList="false"/>
    </operation>
    <operation name="sampleJavaOperation">
        <return typeRef="java.lang.String" isList="false"/>
    </operation>
    <dataobjects/>
</service>
