<?xml version="1.0" encoding="UTF-8" standalone="yes"?>
<service xmlns="http://www.activegrid.com/namespaces/ServiceDefinitions/1.0" id="invgetcmodels" class="invgetcmodels" CRUDService="false" type="JavaService" springFile="invgetcmodels.spring.xml">
    <operation name="main">
        <parameter name="instanceis" typeRef="int" isList="false"/>
        <parameter name="mycmodelin" typeRef="java.lang.String" isList="false"/>
        <parameter name="mypidin" typeRef="java.lang.String" isList="false"/>
        <parameter name="myownerin" typeRef="java.lang.String" isList="false"/>
        <parameter name="myredcode" typeRef="java.lang.String" isList="false"/>
        <parameter name="myaccesscode" typeRef="java.lang.String" isList="false"/>
        <parameter name="myyear" typeRef="java.lang.String" isList="false"/>
        <parameter name="mystate" typeRef="java.lang.String" isList="false"/>
        <parameter name="mycountry" typeRef="java.lang.String" isList="false"/>
        <return typeRef="java.lang.String" isList="false"/>
    </operation>
    <operation name="sampleJavaOperation">
        <return typeRef="java.lang.String" isList="false"/>
    </operation>
    <dataobjects/>
</service>
