<?xml version="1.0" encoding="UTF-8" standalone="yes"?>
<service xmlns="http://www.activegrid.com/namespaces/ServiceDefinitions/1.0" id="getowners" class="getowners" CRUDService="false" type="JavaService" springFile="getowners.spring.xml">
    <operation name="main">
        <parameter name="instanceis" typeRef="int" isList="false"/>
        <return typeRef="java.lang.String" isList="false"/>
    </operation>
    <operation name="sampleJavaOperation">
        <return typeRef="java.lang.String" isList="false"/>
    </operation>
    <dataobjects/>
</service>
